tweet_id,retweet_count,fav_count
892420643555336193,8563,38705
892177421306343426,6299,33175
891815181378084864,4180,24975
891689557279858688,8694,42106
891327558926688256,9455,40246
891087950875897856,3133,20179
890971913173991426,2086,11821
890729181411237888,18998,65392
890609185150312448,4284,27734
890240255349198849,7455,31880
890006608113172480,7372,30592
889880896479866881,4996,27734
889665388333682689,10110,48020
889638837579907072,4567,27124
889531135344209921,2246,15072
889278841981685760,5456,25255
888917238123831296,4519,29021
888804989199671297,4367,25547
888554962724278272,3598,19863
888078434458587136,3511,21711
887705289381826560,5418,30125
887517139158093824,11726,46140
887473957103951883,18323,68994
887343217045368832,10456,33623
887101392804085760,5991,30470
886983233522544640,7812,35086
886736880519319552,3312,12045
886680336477933568,4493,22376
886366144734445568,3212,21150
886267009285017600,4,116
886258384151887873,6321,27918
886054160059072513,104,0
885984800019947520,6844,32637
885528943205470208,6467,35926
885518971528720385,3778,20381
885311592912609280,18663,0
885167619883638784,4404,21900
884925521741709313,18544,77429
884876753390489601,5815,27894
884562892145688576,4893,24250
884441805382717440,5673,26938
884247878851493888,20553,72876
884162670584377345,3003,20347
883838122936631299,3462,21855
883482846933004288,10023,45879
883360690899218434,3698,22524
883117836046086144,6710,37155
882992080364220416,3944,23913
882762694511734784,4948,28266
882627270321602560,6130,27858
882268110199369728,11679,44919
882045870035918850,5013,29298
881906580714921986,3418,24245
881666595344535552,10747,50485
881633300179243008,7,128
881536004380872706,16087,49377
881268444196462592,5190,23028
880935762899988482,2793,16979
880872448815771648,3844,21275
880465832366813184,6331,28482
880221127280381952,4263,27023
880095782870896641,4387,27573
879862464715927552,3520,22266
879674319642796034,10,311
879492040517615616,3205,23375
879415818425184262,44534,105732
879376492567855104,3140,16748
879130579576475649,6895,0
879050749262655488,4748,22547
879008229531029506,2715,18937
878776093423087618,4164,19380
878604707211726852,7296,30243
878404777348136964,1307,0
878316110768087041,6703,0
878281511006478336,1307,7746
878057613040115712,6895,42001
877736472329191424,19321,79861
877611172832227328,81,0
877556246731214848,3857,22718
877316821321428993,5223,27335
877201837425926144,5647,27120
876838120628539392,3389,20648
876537666061221889,4647,23433
876484053909872640,2426,18752
876120275196170240,4726,27900
875747767867523072,4336,25195
875144289856114688,4970,21906
875097192612077568,6091,27421
875021211251597312,4760,25483
874680097055178752,4693,27851
874434818259525634,14915,0
874296783580663808,4154,26082
874057562936811520,3991,22666
874012996292530176,10579,34703
873580283840344065,3992,24268
873337748698140672,1606,0
873213775632977920,1606,7261
872967104147763200,5466,27416
872820683541237760,3737,14747
872668790621863937,28,0
872620804844003328,3759,20827
872486979161796608,9123,40797
872261713294495745,6424,34327
872122724285648897,8241,34568
871879754684805121,11383,38196
871762521631449091,3527,20332
871515927908634625,3509,20298
871166179821445120,5786,0
871102520638267392,5587,21021
871032628920680449,3870,22764
870804317367881728,6340,33823
870726314365509632,3,120
870656317836468226,2697,12499
870374049280663552,26741,83224
870308999962521604,4236,21960
870063196459192321,8527,36956
869772420881756160,10259,42750
869702957897576449,6465,28475
869596645499047938,3205,16118
869227993411051520,3878,20626
868880397819494401,14871,66294
868639477480148993,2152,0
868622495443632128,5915,27505
868552278524837888,2152,10267
867900495410671616,4285,24437
867774946302451713,7523,34395
867421006826221569,2587,16347
867072653475098625,131,0
867051520902168576,8103,32680
866720684873056260,4974,20370
866686824827068416,3594,19612
866450705531457537,36314,124142
866334964761202691,14915,53412
866094527597207552,8645,0
865718153858494464,5774,26003
865359393868664832,5163,26906
865006731092295680,7921,28463
864873206498414592,9019,32873
864279568663928832,3150,14881
864197398364647424,9273,30721
863907417377173506,4282,20997
863553081350529029,4323,15574
863471782782697472,2563,0
863432100342583297,5463,24259
863427515083354112,100,2305
863079547188785154,1141,8938
863062471531167744,2563,8703
862831371563274240,5271,19574
862722525377298433,3668,17433
862457590147678208,5150,20974
862096992088072192,24216,76234
861383897657036800,11113,36839
861288531465048066,4337,17567
861005113778896900,3968,17109
860981674716409858,2253,0
860924035999428608,852,0
860563773140209665,2253,7674
860524505164394496,5499,24165
860276583193509888,3625,18742
860184849394610176,6090,17087
860177593139703809,32254,0
859924526012018688,4281,20006
859851578198683649,3656,15770
859607811541651456,1644,19045
859196978902773760,31631,92336
859074603037188101,14225,34764
858860390427611136,8504,0
858843525470990336,3632,15951
858471635011153920,5069,22090
858107933456039936,3048,16156
857989990357356544,2706,16562
857746408056729600,11128,35221
857393404942143489,1715,6095
857263160327368704,4744,20582
857214891891077121,20,236
857062103051644929,178,0
857029823797047296,4205,19474
856602993587888130,11250,0
856543823941562368,3030,16768
856526610513747968,1981,12183
856330835276025856,714,0
856288084350160898,17,532
856282028240666624,6656,28526
855862651834028034,28,359
855860136149123072,1096,5148
855857698524602368,2236,12210
855851453814013952,18665,46875
855818117272018944,5753,27458
855459453768019968,8703,30963
855245323840757760,6328,0
855138241867124737,49,0
854732716440526848,6473,23657
854482394044301312,7311,30392
854365224396361728,4984,19601
854120357044912130,7967,33168
854010172552949760,3345,16791
853760880890318849,6169,29721
853639147608842240,10818,36303
853299958564483072,3802,16159
852936405516943360,2163,0
852912242202992640,1967,9425
852672615818899456,2298,15558
852553447878664193,3758,17082
852311364735569921,10587,34597
852226086759018497,7301,20885
852189679701164033,1690,11954
851953902622658560,10333,0
851861385021730816,23,0
851591660324737024,3710,16930
851464819735769094,7589,25379
851224888060895234,6148,21632
850753642995093505,9987,32517
850380195714523136,2801,13673
850333567704068097,356,3580
850145622816686080,4108,17120
850019790995546112,5273,21456
849776966551130114,8194,31967
849668094696017920,5348,0
849412302885593088,3382,16659
849336543269576704,2040,12005
849051919805034497,9196,44604
848690551926992896,4659,26499
848324959059550208,4964,26031
848213670039564288,808,8596
848212111729840128,3333,17197
847978865427394560,3518,0
847971574464610304,464,0
847962785489326080,5532,24735
847842811428974592,1456,5777
847617282490613760,454,7385
847606175596138505,3662,19752
847251039262605312,4634,21526
847157206088847362,6338,21077
847116187444137987,3451,22587
846874817362120707,4249,21181
846514051647705089,12576,47192
846505985330044928,3355,14949
846153765933735936,9824,33513
846139713627017216,10666,32580
846042936437604353,3126,16894
845812042753855489,9489,30969
845677943972139009,5190,26537
845397057150107648,1976,8059
845306882940190720,5854,24665
845098359547420673,8333,0
844979544864018432,2813,14435
844973813909606400,3495,16006
844704788403113984,11250,40999
844580511645339650,3413,17429
844223788422217728,2386,14424
843981021012017153,3177,15997
843856843873095681,5024,22668
843604394117681152,2984,17887
843235543001513987,6595,22771
842846295480000512,3904,16126
842765311967449089,1390,7155
842535590457499648,3810,19190
842163532590374912,6328,25979
842115215311396866,3293,14870
841833993020538882,16807,0
841680585030541313,8451,27206
841439858740625411,4012,13422
841320156043304961,5921,20966
841314665196081154,5138,16874
841077006473256960,5786,24342
840761248237133825,1921,0
840728873075638272,17729,0
840698636975636481,3,192
840696689258311684,1080,13085
840632337062862849,1921,9547
840370681858686976,4991,17501
840268004936019968,6265,20493
839990271299457024,2517,14288
839549326359670784,8504,29293
839290600511926273,155,0
839239871831150596,7178,28964
838952994649550848,4363,20890
838921590096166913,2274,11901
838916489579200512,37,0
838831947270979586,12146,0
838561493054533637,1455,11613
838476387338051585,5284,24099
838201503651401729,11096,0
838150277551247360,357,1789
838085839343206401,0,147
838083903487373313,3455,18789
837820167694528512,8645,36466
837482249356513284,486,4095
837471256429613056,2538,13659
837366284874571778,5809,22551
837110210464448512,2633,17087
836989968035819520,2518,13592
836753516572119041,5067,20518
836677758902222849,2439,13457
836648853927522308,607,0
836397794269200385,30337,0
836380477523124226,3234,15713
836260088725786625,4703,22686
836001077879255040,4726,20407
835685285446955009,9006,0
835574547218894849,3987,19011
835536468978302976,1870,0
835309094223372289,23154,0
835297930240217089,3287,17510
835264098648616962,1870,8295
835246439529840640,80,2229
835172783151792128,6322,27923
835152434251116546,3332,24011
834931633769889797,1816,11584
834786237630337024,6007,22566
834574053763584002,2793,14666
834477809192075265,11751,0
834458053273591808,1845,10278
834209720923721728,5286,22037
834167344700198914,3999,16844
834089966724603904,2349,10745
834086379323871233,2437,13958
833863086058651648,2656,14349
833826103416520705,3790,16405
833732339549220864,241,0
833722901757046785,3529,22111
833479644947025920,2281,15923
833124694597443584,5348,21627
832998151111966721,2448,14252
832769181346996225,42,0
832757312314028032,3994,18009
832682457690300417,3246,12717
832645525019123713,574,3126
832636094638288896,3086,16990
832397543355072512,2464,12808
832369877331693569,3518,18381
832273440279240704,2580,12111
832215909146226688,6833,0
832215726631055365,10356,0
832088576586297345,2,72
832040443403784192,10750,0
832032802820481025,5157,19149
831939777352105988,6795,25734
831926988323639298,36,365
831911600680497154,7216,29644
831670449226514432,2005,11198
831650051525054464,2163,7713
831552930092285952,2545,9675
831322785565769729,1684,9841
831315979191906304,1231,6977
831309418084069378,2693,12551
831262627380748289,2269,12781
830956169170665475,1665,8555
830583320585068544,18663,71814
830173239259324417,6320,0
830097400375152640,3343,10546
829878982036299777,5561,0
829861396166877184,2175,13152
829501995190984704,11751,34083
829449946868879360,2252,11242
829374341691346946,10333,37218
829141528400556032,8218,26349
829011960981237760,17995,56922
828801551087042563,3771,0
828770345708580865,6515,27470
828708714936930305,12439,39334
828650029636317184,1491,10220
828409743546925057,1273,6756
828408677031882754,1419,8213
828381636999917570,2463,13571
828376505180889089,1181,7943
828372645993398273,3248,13470
828361771580813312,190,2357
828046555563323392,3174,12653
828011680017821696,2375,11136
827933404142436356,5795,21677
827653905312006145,3331,16622
827600520311402496,1050,7980
827324948884643840,3401,17105
827199976799354881,2490,11388
826958653328592898,5561,23263
826848821049180160,11407,39326
826615380357632002,4373,0
826598799820865537,283,5511
826598365270007810,2606,10838
826476773533745153,4668,19830
826240494070030336,2877,14279
826204788643753985,1044,5250
826115272272650244,3477,16901
825876512159186944,2078,11276
825829644528148480,2766,13719
825535076884762624,19134,56071
825147591692263424,5092,19736
825120256414846976,1434,0
825026590719483904,1434,6860
824796380199809024,6105,0
824775126675836928,3929,16158
824663926340194305,1934,10864
824325613288833024,11560,12706
824297048279236611,4299,16215
824025158776213504,659,5153
823939628516474880,3016,11494
823719002937630720,12545,0
823699002998870016,2694,13570
823581115634085888,2951,14070
823333489516937216,29,754
823322678127919110,4491,16998
823269594223824897,10994,0
822975315408461824,3833,18696
822872901745569793,48994,143078
822859134160621569,2546,14265
822647212903690241,7140,0
822610361945911296,3301,15954
822489057087389700,7140,19605
822462944365645825,16470,30915
822244816520155136,10994,37889
822163064745328640,5380,0
821886076407029760,2618,12289
821813639212650496,3730,0
821765923262631936,1856,9116
821522889702862852,1967,8673
821421320206483457,6240,0
821407182352777218,4869,12749
821153421864615936,10,276
821149554670182400,2248,9452
821107785811234820,2378,10395
821044531881721856,2553,13672
820837357901512704,7479,0
820749716845686786,11096,34188
820690176645140481,3599,13213
820494788566847489,633,0
820446719150292993,2882,0
820314633777061888,633,3610
820078625395449857,7019,21426
820013781606658049,1324,0
819952236453363712,1324,5767
819924195358416896,5414,13937
819711362133872643,3502,14564
819588359383371776,2199,10358
819347104292290561,1342,7821
819238181065359361,453,2483
819227688460238848,7479,25044
819015337530290176,40944,0
819015331746349057,21120,0
819006400881917954,21120,48857
819004803107983360,40944,93516
818646164899774465,23317,0
818627210458333184,8328,24052
818614493328580609,2888,10692
818588835076603904,6888,0
818536468981415936,2774,11846
818307523543449600,9087,0
818259473185828864,2548,11944
818145370475810820,2904,13325
817908911860748288,884,5241
817827839487737858,30337,56268
817777686764523521,2979,11597
817536400337801217,3396,12801
817502432452313088,3800,0
817423860136083457,16807,37194
817415592588222464,1079,6101
817181837579653120,9542,0
817171292965273600,2252,9459
817120970343411712,2929,13173
817056546584727552,1849,9287
816829038950027264,5293,0
816816676327063552,2285,10841
816697700272001025,2462,10632
816450570814898180,9087,33180
816336735214911488,2191,9344
816091915477250048,2412,9685
816062466425819140,1176,0
816014286006976512,5954,0
815990720817401858,1176,5424
815966073409433600,9542,24407
815745968457060357,4630,0
815736392542261248,2540,10687
815639385530101762,1843,8931
815390420867969024,4260,11225
814986499976527872,1450,8291
814638523311648768,3039,12253
814578408554463233,6529,0
814530161257443328,2080,9417
814153002265309185,9754,31226
813944609378369540,3618,0
813910438903693312,2113,10093
813812741911748608,15731,39484
813800681631023104,1978,9072
813217897535406080,8176,20325
813202720496779264,2017,9971
813187593374461952,4904,21581
813172488309972993,2160,10157
813157409116065792,2485,8420
813142292504645637,2645,9141
813130366689148928,497,4853
813127251579564032,3515,12904
813112105746448384,3097,11235
813096984823349248,4059,11439
813081950185472002,3111,10735
813066809284972545,2180,8643
813051746834595840,8217,22775
812781120811126785,2139,8228
812747805718642688,7798,0
812709060537683968,1606,7206
812503143955202048,1376,6614
812466873996607488,2165,8704
812372279581671427,4118,14887
811985624773361665,1581,7913
811744202451197953,1813,8213
811647686436880384,832,6062
811627233043480576,3520,13942
811386762094317568,7190,22753
810984652412424192,1606,5812
810896069567610880,2009,9843
810657578271330305,2961,11935
810284430598270976,12852,38639
810254108431155201,3771,15979
809920764300447744,4373,16853
809808892968534016,5517,0
809448704142938112,1654,7538
809220051211603969,6320,21713
809084759137812480,3941,14386
808838249661788160,3416,10996
808733504066486276,2434,8605
808501579447930884,2915,12290
808344865868283904,23317,46267
808134635716833280,6709,0
808106460588765185,2452,9489
808001312164028416,3963,13690
807621403335917568,4138,15879
807106840509214720,60959,122726
807059379405148160,8257,0
807010152071229440,4286,14184
806629075125202948,39322,81945
806620845233815552,6205,0
806576416489959424,2168,5272
806542213899489280,2666,11120
806242860592926720,13162,0
806219024703037440,1348,6982
805958939288408065,6041,0
805932879469572096,2134,8997
805826884734976000,2061,7166
805823200554876929,9071,0
805520635690676224,1859,6245
805487436403003392,2846,9550
805207613751304193,1909,8471
804738756058218496,4333,14970
804475857670639616,2265,6709
804413760345620481,3614,0
804026241225523202,18248,48621
803773340896923648,3111,10964
803692223237865472,8359,0
803638050916102144,4667,11977
803380650405482500,2088,8451
803321560782307329,6007,0
803276597545603072,2779,10937
802952499103731712,2257,9836
802624713319034886,3290,0
802600418706604034,1650,7758
802572683846291456,2822,9748
802323869084381190,6579,17725
802265048156610565,1523,6905
802239329049477120,2927,9888
802185808107208704,303,0
801958328846974976,1924,8428
801854953262350336,262,1916
801538201127157760,2315,8937
801285448605831168,935,6609
801167903437357056,6709,26752
801127390143516673,4479,0
801115127852503040,2351,8805
800859414831898624,108,753
800855607700029440,1835,0
800751577355128832,3119,11449
800513324630806528,3385,14330
800459316964663297,2416,10302
800443802682937345,4870,0
800388270626521089,3150,12160
800188575492947969,4430,0
800141422401830912,2882,16690
800018252395122689,14845,30975
799774291445383169,5284,0
799757965289017345,2433,9173
799422933579902976,2149,8776
799308762079035393,6237,0
799297110730567681,3126,10820
799063482566066176,2767,8820
798933969379225600,5046,14368
798925684722855936,1616,8097
798705661114773508,7461,0
798701998996647937,8810,0
798697898615730177,7330,0
798694562394996736,5601,0
798686750113755136,2614,0
798682547630837760,5331,0
798673117451325440,6249,0
798665375516884993,4375,0
798644042770751489,2085,0
798628517273620480,2211,0
798585098161549313,6436,0
798576900688019456,6638,0
798340744599797760,3789,0
798209839306514432,2869,11318
797971864723324932,3538,12719
797545162159308800,5460,15841
797236660651966464,7460,21824
797165961484890113,31,249
796904159865868288,10042,0
796865951799083009,2138,8369
796759840936919040,3444,12948
796563435802726400,8240,0
796484825502875648,1981,8273
796387464403357696,4689,12029
796177847564038144,16124,0
796149749086875649,16124,35342
796125600683540480,2010,5400
796116448414461957,2724,9920
796080075804475393,2605,9227
796031486298386433,4157,11790
795464331001561088,26838,54407
795400264262053889,3230,11023
795076730285391872,6105,17722
794983741416415232,3806,0
794926597468000259,2609,11217
794355576146903043,11596,0
794332329137291264,2976,10437
794205286408003585,3738,10052
793962221541933056,5517,18394
793845145112371200,2112,10050
793614319594401792,3523,0
793601777308463104,1843,8704
793500921481273345,2685,11677
793286476301799424,10356,26901
793271401113350145,2655,9423
793256262322548741,9372,21802
793241302385262592,3699,11500
793226087023144960,3221,10731
793210959003287553,3167,9747
793195938047070209,6330,16681
793180763617361921,2234,7551
793165685325201412,3130,10258
793150605191548928,1924,6744
793135492858580992,2795,7045
793120401413079041,4387,13851
792913359805018113,4522,15668
792883833364439040,4811,12345
792773781206999040,1889,8024
792394556390137856,4829,14736
792050063153438720,2021,7840
791821351946420224,23661,0
791784077045166082,10894,0
791780927877898241,4273,0
791774931465953280,25015,49241
791672322847637504,3523,12825
791406955684368384,4630,14341
791312159183634433,2857,9591
791026214425268224,4650,0
790987426131050500,2404,10812
790946055508652032,5293,18130
790723298204217344,2611,0
790698755171364864,2142,8946
790581949425475584,8062,22577
790337589677002753,2102,8538
790277117346975746,3618,13710
790227638568808452,4027,0
789986466051088384,2611,10101
789960241177853952,4679,0
789903600034189313,4657,11359
789628658055020548,1999,8219
789599242079838210,2177,7400
789530877013393408,3806,12843
789314372632018944,2596,9402
789280767834746880,5578,0
789268448748703744,2914,9944
789137962068021249,3138,10600
788908386943430656,13951,29874
788765914992902144,11596,29951
788552643979468800,8136,0
788412144018661376,5963,17010
788178268662984705,2387,7891
788150585577050112,1462,6711
788070120937619456,3837,0
788039637453406209,1490,6705
787810552592695296,3432,9467
787717603741622272,3126,11135
787397959788929025,3187,11822
787322443945877504,1964,8508
787111942498508800,7538,0
786963064373534720,9006,28992
786729988674449408,2727,0
786709082849828864,6833,19844
786664955043049472,2885,11644
786595970293370880,3489,10262
786363235746385920,3943,11901
786286427768250368,3223,8701
786233965241827333,5380,16715
786051337297522688,174,1567
786036967502913536,7939,0
785927819176054784,3544,12396
785872687017132033,2056,7289
785639753186217984,2486,8521
785533386513321988,2264,9942
785515384317313025,1421,6648
785264754247995392,1846,7917
785170936622350336,5464,13191
784826020293709826,3614,11070
784517518371221505,2852,9784
784431430411685888,1438,6201
784183165795655680,9071,21934
784057939640352768,12545,32601
783839966405230592,12146,32774
783821107061198850,2209,8015
783695101801398276,3612,11368
783466772167098368,2531,9221
783391753726550016,6198,18408
783347506784731136,6305,0
783334639985389568,13162,31848
783085703974514689,2489,8864
782969140009107456,8257,26294
782747134529531904,1566,8120
782722598790725632,6041,18791
782598640137187329,2109,8476
782305867769217024,6240,18142
782021823840026624,7001,0
781955203444699136,3773,12079
781661882474196992,3040,11368
781655249211752448,1255,4363
781524693396357120,6205,22585
781308096455073793,2859,7767
781251288990355457,2357,9187
781163403222056960,3052,10627
780931614150983680,8240,23550
780858289093574656,2234,7819
780800785462489090,1456,6006
780601303617732608,3730,13158
780543529827336192,1947,6851
780496263422808064,4169,0
780476555013349377,132,0
780459368902959104,1190,5748
780192070812196864,2512,9476
780092040432480260,2578,0
780074436359819264,5601,13335
779834332596887552,7939,20703
779377524342161408,3489,9600
779124354206535695,20611,0
779123168116150273,4086,12834
779056095788752897,5075,16098
778990705243029504,8166,21780
778774459159379968,11160,0
778764940568104960,409,933
778748913645780993,1495,7504
778650543019483137,1676,6278
778624900596654080,1134,5059
778408200802557953,4874,14815
778396591732486144,13712,0
778383385161035776,1228,6351
778286810187399168,3702,11271
778039087836069888,2956,9201
778027034220126208,1817,7133
777953400541634568,3939,0
777885040357281792,1837,6903
777684233540206592,3290,12209
777641927919427584,4771,0
777621514455814149,2791,9517
777189768882946048,4833,15545
776819012571455488,15333,0
776813020089548800,1352,5308
776477788987613185,3139,9628
776249906839351296,10254,0
776218204058357768,17850,32592
776201521193218049,2815,10418
776113305656188928,4870,12750
776088319444877312,171,1994
775898661951791106,17294,0
775842724423557120,2999,12721
775733305207554048,4479,15027
775729183532220416,5118,14019
775364825476165632,3339,8070
775350846108426240,4382,11017
775085132600442880,5284,16881
774757898236878852,1972,9257
774639387460112384,1946,7287
774314403806253056,6237,23616
773985732834758656,4343,11654
773922284943896577,1928,6933
773704687002451968,1829,7146
773670353721753600,1447,5773
773547596996571136,6888,23924
773336787167145985,5697,0
773308824254029826,8333,25184
773247561583001600,3578,10178
773191612633579521,4589,10829
772877495989305348,4335,9314
772826264096874500,2593,8652
772615324260794368,3756,0
772581559778025472,1889,7017
772193107915964416,1545,6513
772152991789019136,1256,4093
772117678702071809,815,4061
772114945936949249,525,2934
772102971039580160,1031,4344
771908950375665664,2114,7119
771770456517009408,3789,13017
771500966810099713,2917,8953
771380798096281600,5697,11417
771171053431250945,8418,0
771136648247640064,3253,9962
771102124360998913,1601,6734
771014301343748096,1838,7450
771004394259247104,246,0
770787852854652928,1366,5370
770772759874076672,1574,5620
770743923962707968,50750,0
770655142660169732,1942,7936
770414278348247044,2295,6806
770293558247038976,1659,6749
770093767776997377,3388,0
770069151037685760,2565,8199
769940425801170949,10750,34076
769695466921623552,1855,6919
769335591808995329,8547,0
769212283578875904,1911,5840
768970937022709760,7285,15600
768909767477751808,3011,0
768855141948723200,994,4544
768609597686943744,1343,4462
768596291618299904,1417,5439
768554158521745409,6487,0
768473857036525572,3814,14718
768193404517830656,3939,11817
767884188863397888,1567,5141
767754930266464257,6007,17353
767500508068192258,2595,8088
767191397493538821,4251,13293
767122157629476866,3171,10936
766864461642756096,6302,0
766793450729734144,1516,5498
766714921925144576,427,2804
766693177336135680,877,4363
766423258543644672,1769,6513
766313316352462849,2100,7331
766078092750233600,2884,0
766069199026450432,970,4631
766008592277377025,551,4042
765719909049503744,2393,7813
765669560888528897,1357,5612
765395769549590528,3764,28479
765371061932261376,2390,7658
765222098633691136,3756,12570
764857477905154048,1962,6932
764259802650378240,1692,6543
763956972077010945,59,796
763837565564780549,4650,13653
763183847194451968,1650,5863
763167063695355904,3358,0
763103485927849985,2526,7952
762699858130116608,4027,13176
762471784394268675,7240,12202
762464539388485633,4679,11197
762316489655476224,1251,5218
762035686371364864,17333,34565
761976711479193600,2237,5845
761750502866649088,4384,0
761745352076779520,950,4603
761672994376806400,32254,53519
761599872357261312,1302,4461
761371037149827077,19872,0
761334018830917632,1607,5635
761292947749015552,1224,4829
761227390836215808,1714,5753
761004547850530816,3837,12175
760893934457552897,1075,4123
760656994973933572,2133,7131
760641137271070720,1434,5349
760539183865880579,4023,8191
760521673607086080,1549,4567
760290219849637889,12730,28917
760252756032651264,956,4253
760190180481531904,2009,6153
760153949710192640,37,0
759943073749200896,2317,6414
759923798737051648,6302,15858
759846353224826880,2201,7249
759793422261743616,2118,6441
759566828574212096,23472,0
759557299618865152,1303,5075
759447681597108224,2727,9187
759446261539934208,544,1805
759197388317847553,2151,6542
759159934323924993,1300,0
759099523532779520,4645,15686
759047813560868866,2235,7037
758854675097526272,990,3829
758828659922702336,4237,12058
758740312047005698,1769,6166
758474966123810816,1096,4118
758467244762497024,2465,5175
758405701903519748,2125,5605
758355060040593408,1198,3699
758099635764359168,11160,20740
758041019896193024,415,2929
757741869644341248,3595,7425
757729163776290825,8986,0
757725642876129280,1351,4887
757611664640446465,1238,4903
757597904299253760,322,0
757596066325864448,1173,4688
757400162377592832,7555,16360
757393109802180609,1929,6293
757354760399941633,1575,4868
756998049151549440,2202,6746
756939218950160384,2220,7166
756651752796094464,1463,5474
756526248105566208,4003,11234
756303284449767430,1196,4259
756288534030475264,19346,45892
756275833623502848,1697,6942
755955933503782912,3190,7911
755206590534418437,5950,17745
755110668769038337,12253,22879
754874841593970688,8876,0
754856583969079297,2785,7405
754747087846248448,577,2775
754482103782404096,2151,5711
754449512966619136,815,4041
754120377874386944,2579,8445
754011816964026368,3978,9490
753655901052166144,2414,6303
753420520834629632,3946,8527
753398408988139520,2116,6235
753375668877008896,2578,8205
753298634498793472,6390,0
753294487569522689,1153,3674
753039830821511168,23154,40010
753026973505581056,1077,4193
752932432744185856,7538,13610
752917284578922496,1735,7413
752701944171524096,3186,0
752682090207055872,1781,6475
752660715232722944,1742,4751
752568224206688256,2524,5984
752519690950500352,3793,7946
752334515931054080,1218,4115
752309394570878976,18424,0
752173152931807232,2042,6415
751950017322246144,1026,3319
751937170840121344,1483,5618
751830394383790080,2161,6248
751793661361422336,3229,6318
751598357617971201,3343,8505
751583847268179968,1232,4750
751538714308972544,1401,5418
751456908746354688,1097,3447
751251247299190784,6486,13474
751205363882532864,2020,6785
751132876104687617,1439,5479
750868782890057730,1536,5160
750719632563142656,5578,14229
750506206503038976,1269,4797
750429297815552001,4771,14188
750383411068534784,1256,4876
750381685133418496,35,737
750147208377409536,1067,3329
750132105863102464,1397,3904
750117059602808832,1431,4643
750101899009982464,930,3273
750086836815486976,600,2335
750071704093859840,3686,8437
750056684286914561,981,3368
750041628174217216,684,3417
750026558547456000,871,2919
750011400160841729,1004,3485
749996283729883136,888,3253
749981277374128128,2704,5501
749774190421639168,1444,5000
749417653287129088,1841,6558
749403093750648834,602,2819
749395845976588288,3817,9246
749317047558017024,2442,5898
749075273010798592,2286,6192
749064354620928000,1668,5145
749036806121881602,860,3327
748977405889503236,3756,11539
748932637671223296,2480,6288
748705597323898880,1040,2970
748699167502000129,1764,5091
748692773788876800,1464,4550
748575535303884801,2197,6522
748568946752774144,737,2338
748346686624440324,1364,5604
748337862848962560,4541,8254
748324050481647620,844,3982
748307329658011649,788,3945
748220828303695873,8578,15164
747963614829678593,2375,6234
747933425676525569,2807,7113
747885874273214464,1093,3166
747844099428986880,822,3013
747816857231626240,1283,5214
747651430853525504,173,1480
747648653817413632,6427,13835
747600769478692864,601,2492
747594051852075008,1162,3954
747512671126323200,1742,5959
747461612269887489,1139,4147
747439450712596480,2125,5831
747242308580548608,3169,0
747219827526344708,1737,5661
747204161125646336,1007,3625
747103485104099331,4404,10284
746906459439529985,328,3088
746872823977771008,2361,6420
746818907684614144,1889,5672
746790600704425984,1752,5213
746757706116112384,4273,10248
746726898085036033,1966,6476
746542875601690625,2051,5397
746521445350707200,1079,0
746507379341139972,1185,4967
746369468511756288,1808,6474
746131877086527488,2416,7383
746056683365994496,904,3797
745789745784041472,1170,4329
745712589599014916,2548,7470
745433870967832576,2788,7607
745422732645535745,2682,9185
745314880350101504,3048,7670
745074613265149952,3861,8378
745057283344719872,2507,7750
744995568523612160,692,3194
744971049620602880,2953,8422
744709971296780288,1702,5985
744334592493166593,2350,7229
744234799360020481,77168,127974
744223424764059648,409,1819
743980027717509120,1196,4436
743895849529389061,1050,3901
743835915802583040,2297,0
743609206067040256,1509,4794
743595368194129920,7204,19739
743545585370791937,1029,3764
743510151680958465,4052,8454
743253157753532416,1328,4515
743222593470234624,2091,6622
743210557239623680,1498,4101
742534281772302336,3884,7539
742528092657332225,2178,4746
742465774154047488,4243,7751
742423170473463808,4169,10534
742385895052087300,2173,7261
742161199639494656,1508,4632
742150209887731712,1710,5500
741793263812808706,1653,4859
741743634094141440,3025,8731
741438259667034112,915,3921
741303864243200000,3538,9376
741099773336379392,6054,10717
741067306818797568,3388,10072
740995100998766593,3025,6843
740711788199743490,1022,3640
740699697422163968,852,3026
740676976021798912,7461,19374
740373189193256964,14582,37091
740365076218183684,479,2649
740359016048689152,936,3517
740214038584557568,2153,7142
739979191639244800,6487,21307
739932936087216128,1179,4326
739844404073074688,932,4039
739623569819336705,1495,4068
739606147276148736,1809,5740
739544079319588864,23472,42484
739485634323156992,3218,7693
739238157791694849,50750,73166
738891149612572673,6,115
738885046782832640,1244,4019
738883359779196928,888,3565
738537504001953792,1710,5434
738402415918125056,932,3496
738184450748633089,1322,4610
738166403467907072,3733,9386
738156290900254721,721,2703
737826014890496000,1932,5623
737800304142471168,3781,10661
737678689543020544,1464,5384
737445876994609152,4874,11016
737322739594330112,881,3848
737310737551491075,8089,15656
736736130620620800,1900,4609
736392552031657984,8136,18941
736365877722001409,1363,4265
736225175608430592,3017,8680
736010884653420544,3246,8437
735991953473572864,1255,3837
735648611367784448,1196,4286
735635087207878657,2584,6607
735274964362878976,5545,13865
735256018284875776,965,3581
735137028879360001,1054,3336
734912297295085568,561,2915
734787690684657664,6873,13389
734776360183431168,587,2669
734559631394082816,431,1597
733828123016450049,849,3830
733822306246479872,1102,3913
733482008106668032,1036,3352
733460102733135873,1401,4482
733109485275860992,17294,45290
732732193018155009,583,2597
732726085725589504,962,3757
732585889486888962,843,3926
732375214819057664,2741,8605
732005617171337216,5954,15900
731285275100512256,1073,3714
731156023742988288,1389,4088
730924654643314689,2162,6517
730573383004487680,2353,5244
730427201120833536,1131,3698
730211855403241472,1148,4076
730196704625098752,2104,5204
729854734790754305,1218,4286
729838605770891264,418,1813
729823566028484608,1348,4243
729463711119904772,2506,6184
729113531270991872,359,2007
728986383096946689,889,3377
728760639972315136,1847,4969
728751179681943552,739,2975
728653952833728512,1138,3532
728409960103686147,2194,5247
728387165835677696,1041,3911
728046963732717569,1278,4583
728035342121635841,1826,4832
728015554473250816,1193,4362
727685679342333952,692,3122
727644517743104000,1907,6283
727524757080539137,1335,4763
727314416056803329,814,3526
727286334147182592,892,3232
727175381690781696,1491,4118
727155742655025152,1441,3872
726935089318363137,2662,7321
726887082820554753,1639,4083
726828223124897792,1097,3778
726224900189511680,1263,4695
725842289046749185,2884,7494
725786712245440512,1480,4426
725729321944506368,1940,5516
725458796924002305,676,1500
724983749226668032,1423,3945
724771698126512129,696,2517
724405726123311104,1792,5643
724049859469295616,1921,4605
724046343203856385,605,2833
724004602748780546,1727,4453
723912936180330496,1330,4128
723688335806480385,3241,8206
723673163800948736,970,3214
723179728551723008,2046,5636
722974582966214656,1711,4374
722613351520608256,1784,5269
721503162398597120,2046,4960
721001180231503872,665,2684
720785406564900865,841,3316
720775346191278080,742,2634
720415127506415616,1621,4387
720389942216527872,2745,6820
720340705894408192,1058,3052
720059472081784833,1231,4138
720043174954147842,2180,5210
719991154352222208,1909,5140
719704490224398336,1582,4859
719551379208073216,2109,5383
719367763014393856,801,2969
719339463458033665,1356,4683
719332531645071360,1038,3624
718971898235854848,1198,3705
718939241951195136,1915,5571
718631497683582976,8810,20141
718613305783398402,525,2601
718540630683709445,1098,2649
718460005985447936,577,2875
718454725339934721,1635,5185
718246886998687744,545,2050
718234618122661888,1086,4111
717841801130979328,648,2603
717790033953034240,1224,3079
717537687239008257,2001,6126
717428917016076293,495,1701
717421804990701568,919,3355
717047459982213120,2071,6655
717009362452090881,1065,3476
716802964044845056,1273,4536
716791146589110272,1512,5872
716730379797970944,460,1306
716447146686459905,6405,13951
716439118184652801,238,2509
716285507865542656,1185,2956
716080869887381504,1894,5195
715928423106027520,954,3397
715758151270801409,1548,3969
715733265223708672,1843,4966
715704790270025728,613,2979
715696743237730304,1405,4155
715680795826982913,1765,4599
715360349751484417,1710,5811
715342466308784130,743,3211
715220193576927233,712,2566
715200624753819648,2050,5449
715009755312439296,1345,4432
714982300363173890,1125,3994
714962719905021952,4651,7828
714957620017307648,1545,4395
714631576617938945,1088,3475
714606013974974464,1013,3844
714485234495041536,1266,2885
714258258790387713,778,3199
714251586676113411,915,3474
714214115368108032,953,2412
714141408463036416,1522,4569
713919462244790272,847,3483
713909862279876608,596,2032
713900603437621249,810,3001
713761197720473600,1493,5186
713411074226274305,1403,4695
713177543487135744,3089,7657
713175907180089344,1576,4750
712809025985978368,7330,19793
712717840512598017,5443,13163
712668654853337088,1324,4426
712438159032893441,1701,5661
712309440758808576,25,260
712097430750289920,1130,4037
712092745624633345,979,3130
712085617388212225,529,3442
712065007010385924,682,2410
711998809858043904,137,0
711968124745228288,2519,8568
711743778164514816,1073,3019
711732680602345472,4497,9483
711694788429553666,19872,34948
711652651650457602,998,4118
711363825979756544,1239,3886
711306686208872448,795,3521
711008018775851008,682,3190
710997087345876993,1512,4842
710844581445812225,748,2709
710833117892898816,586,2866
710658690886586372,615,2457
710609963652087808,2557,5107
710588934686908417,2047,4857
710296729921429505,800,2521
710283270106132480,561,2266
710272297844797440,1376,4815
710269109699739648,1224,2558
710153181850935296,972,3094
710140971284037632,976,2950
710117014656950272,2168,5853
709918798883774466,1167,3174
709901256215666688,108,715
709852847387627521,1298,3729
709566166965075968,1317,3761
709556954897764353,1161,3494
709519240576036864,262,1582
709449600415961088,645,2366
709409458133323776,759,2792
709225125749587968,627,2546
709207347839836162,6359,13424
709198395643068416,697,2565
709179584944730112,735,2142
709158332880297985,453,2180
709042156699303936,1791,5074
708853462201716736,715,1908
708845821941387268,977,3162
708834316713893888,549,1813
708810915978854401,7589,17592
708738143638450176,886,2919
708711088997666817,794,2721
708479650088034305,739,2714
708469915515297792,893,3278
708400866336894977,11012,17054
708356463048204288,1466,3844
708349470027751425,804,2507
708149363256774660,1682,4550
708130923141795840,914,3608
708119489313951744,1066,2860
708109389455101952,588,2061
708026248782585858,2097,4649
707995814724026368,1221,3311
707983188426153984,2,51
707969809498152960,1055,2870
707776935007539200,1031,3496
707741517457260545,664,2646
707738799544082433,2694,4364
707693576495472641,1092,3650
707629649552134146,957,2754
707610948723478529,7001,18077
707420581654872064,758,2433
707411934438625280,652,2423
707387676719185920,1424,3738
707377100785885184,1174,3507
707315916783140866,701,2629
707297311098011648,873,2938
707059547140169728,740,2745
707038192327901184,873,2346
707021089608753152,1496,4331
707014260413456384,648,2453
706904523814649856,8547,15545
706901761596989440,658,2211
706681918348251136,1056,3541
706644897839910912,1192,2746
706593038911545345,687,2299
706538006853918722,1538,3691
706516534877929472,1126,3306
706346369204748288,1001,3676
706310011488698368,8727,22877
706291001778950144,511,1812
706265994973601792,1000,2905
706169069255446529,2429,4174
706166467411222528,1760,5493
706153300320784384,420,1594
705975130514706432,805,3308
705970349788291072,972,3356
705898680587526145,618,2533
705786532653883392,578,2080
705591895322394625,1260,3384
705475953783398401,1006,3160
705442520700944385,1799,4756
705428427625635840,1853,4075
705239209544720384,818,3200
705223444686888960,880,2758
705102439679201280,563,2295
705066031337840642,660,2321
704871453724954624,1216,4548
704859558691414016,598,2403
704847917308362754,1679,5455
704819833553219584,1099,2827
704761120771465216,3169,7091
704499785726889984,1089,3139
704491224099647488,92,814
704480331685040129,1155,3631
704364645503647744,3879,8591
704347321748819968,386,1690
704134088924532736,509,1617
704113298707505153,615,1986
704054845121142784,1000,3121
703774238772166656,509,1968
703769065844768768,1239,3517
703631701117943808,751,2777
703611486317502464,1660,4126
703425003149250560,1508,4062
703407252292673536,761,2631
703382836347330562,1248,3745
703356393781329922,422,2033
703268521220972544,607,2108
703079050210877440,3377,7884
703041949650034688,13712,28215
702932127499816960,790,2770
702899151802126337,491,1728
702684942141153280,1176,3429
702671118226825216,612,2340
702598099714314240,3583,11053
702539513671897089,1050,3067
702332542343577600,1695,3416
702321140488925184,1129,3509
702276748847800320,833,2645
702217446468493312,1462,5134
701981390485725185,1078,3678
701952816642965504,1111,4073
701889187134500865,1505,3806
701805642395348998,1846,3665
701601587219795968,502,2231
701570477911896070,1021,3005
701545186879471618,663,2829
701214700881756160,5601,13077
700890391244103680,628,2370
700864154249383937,667,2771
700847567345688576,544,2599
700796979434098688,1045,2598
700747788515020802,10254,24430
700518061187723268,873,2814
700505138482569216,624,2435
700462010979500032,1969,4431
700167517596164096,813,2834
700151421916807169,724,2393
700143752053182464,3011,8056
700062718104104960,756,2820
700029284593901568,634,2207
700002074055016451,1468,3534
699801817392291840,1053,3250
699788877217865730,543,2401
699779630832685056,1350,2960
699775878809702401,664,2094
699691744225525762,5010,10956
699446877801091073,2852,6339
699434518667751424,557,2319
699423671849451520,362,1464
699413908797464576,675,2198
699370870310113280,478,2005
699323444782047232,945,3373
699088579889332224,687,2385
699079609774645248,715,2609
699072405256409088,1292,3200
699060279947165696,1983,4034
699036661657767936,1301,2790
698989035503689728,1078,3613
698953797952008193,982,2890
698907974262222848,679,2715
698710712454139905,751,2642
698703483621523456,413,1553
698635131305795584,373,1372
698549713696649216,675,2474
698355670425473025,492,1998
698342080612007937,1040,2426
698262614669991936,2194,5072
698195409219559425,6529,17935
698178924120031232,802,3002
697995514407682048,363,1628
697990423684476929,1410,3510
697943111201378304,754,2564
697881462549430272,1294,3227
697630435728322560,589,1862
697616773278015490,1100,3362
697596423848730625,1375,3236
697575480820686848,551,2178
697516214579523584,1238,2218
697482927769255936,740,2590
697463031882764288,1507,3650
697270446429966336,2029,4989
697259378236399616,1086,3514
697255105972801536,1269,3226
697242256848379904,731,2692
696900204696625153,1120,3412
696894894812565505,737,2509
696886256886657024,1956,5171
696877980375769088,779,2609
696754882863349760,388,1575
696744641916489729,1030,2223
696713835009417216,711,2539
696518437233913856,1848,4165
696490539101908992,162,1307
696488710901260288,1131,2717
696405997980676096,1243,3430
696100768806522880,724,2068
695816827381944320,1279,3205
695794761660297217,851,3402
695767669421768709,817,2002
695629776980148225,2302,4886
695446424020918272,1977,4653
695409464418041856,3899,9206
695314793360662529,1608,3896
695095422348574720,673,2814
695074328191332352,1206,3033
695064344191721472,655,1716
695051054296211456,860,2844
694925794720792577,1003,2884
694905863685980160,1023,2958
694669722378485760,15789,38103
694356675654983680,316,1610
694352839993344000,678,2175
694342028726001664,531,1684
694329668942569472,545,2144
694206574471057408,2227,4473
694183373896572928,1014,3143
694001791655137281,1131,3619
693993230313091072,442,2000
693942351086120961,404,1846
693647888581312512,648,2877
693644216740769793,142,1432
693642232151285760,454,2717
693629975228977152,875,2616
693622659251335168,404,1645
693590843962331137,2146,5420
693582294167244802,279,1758
693486665285931008,684,1895
693280720173801472,1360,3590
693267061318012928,899,2546
693262851218264065,549,2384
693231807727280129,800,3058
693155686491000832,3503,8438
693109034023534592,671,1832
693095443459342336,505,1999
692919143163629568,813,2855
692905862751522816,961,2600
692901601640583168,661,1911
692894228850999298,883,2435
692828166163931137,962,3071
692752401762250755,3970,7307
692568918515392513,1679,4642
692535307825213440,1483,3414
692530551048294401,456,1974
692423280028966913,253,1576
692417313023332352,3800,10010
692187005137076224,898,2698
692158366030913536,872,2302
692142790915014657,429,1753
692041934689402880,1391,3636
692017291282812928,1048,3059
691820333922455552,1802,4217
691793053716221953,4596,8685
691756958957883396,1121,3087
691675652215414786,558,2073
691483041324204033,624,2532
691459709405118465,1252,4337
691444869282295808,931,2834
691416866452082688,8359,20684
691321916024623104,721,2760
691096613310316544,977,3167
691090071332753408,371,1820
690989312272396288,3147,6324
690959652130045952,1377,3815
690938899477221376,2182,4419
690932576555528194,1116,3512
690735892932222976,1400,4036
690728923253055490,569,2318
690690673629138944,865,2485
690649993829576704,307,1396
690607260360429569,19,308
690597161306841088,657,2096
690400367696297985,493,1995
690374419777196032,945,3474
690360449368465409,974,2841
690348396616552449,558,1603
690248561355657216,453,1801
690021994562220032,1132,2986
690015576308211712,807,2680
690005060500217858,1850,3907
689999384604450816,411,1524
689993469801164801,502,1567
689977555533848577,487,1454
689905486972461056,759,2591
689877686181715968,1301,3225
689835978131935233,822,2313
689661964914655233,1012,3415
689659372465688576,4263,11109
689623661272240129,715,2393
689599056876867584,6046,12443
689557536375177216,507,2198
689517482558820352,1566,3621
689289219123089408,1012,2406
689283819090870273,1208,3516
689280876073582592,788,2135
689275259254616065,268,1237
689255633275777024,1177,2734
689154315265683456,1100,3266
689143371370250240,566,2172
688916208532455424,955,2920
688908934925697024,846,2262
688898160958271489,862,2245
688894073864884227,768,2384
688828561667567616,405,1470
688804835492233216,215,1022
688789766343622656,728,2364
688547210804498433,770,2783
688519176466644993,798,2464
688385280030670848,4870,9945
688211956440801280,916,2377
688179443353796608,645,2261
688116655151435777,858,3013
688064179421470721,393,1832
687841446767013888,2776,5858
687826841265172480,1247,2920
687818504314159109,1044,2682
687807801670897665,765,2555
687732144991551489,720,1882
687704180304273409,926,2609
687664829264453632,563,2076
687494652870668288,629,2051
687480748861947905,272,1710
687476254459715584,591,2115
687460506001633280,592,2182
687399393394311168,686,2029
687317306314240000,10042,21510
687312378585812992,2086,4650
687127927494963200,2512,5841
687124485711986689,557,2316
687109925361856513,2708,6200
687102708889812993,1089,2497
687096057537363968,669,2398
686947101016735744,3476,9205
686760001961103360,1506,3759
686749460672679938,1602,3714
686730991906516992,1311,4444
686683045143953408,882,3001
686618349602762752,1490,3929
686606069955735556,592,2017
686394059078897668,750,1881
686386521809772549,971,3475
686377065986265092,618,2368
686358356425093120,750,2349
686286779679375361,1828,4276
686050296934563840,809,2360
686035780142297088,133,1238
686034024800862208,1283,3332
686007916130873345,459,2637
686003207160610816,702,1944
685973236358713344,588,2260
685943807276412928,672,1754
685906723014619143,3192,8055
685681090388975616,138,2167
685667379192414208,631,2498
685663452032069632,1603,3469
685641971164143616,851,3130
685547936038666240,17182,35274
685532292383666176,1265,3256
685325112850124800,4384,10152
685321586178670592,710,2832
685315239903100929,1182,3575
685307451701334016,482,2210
685268753634967552,1329,3324
685198997565345792,735,2485
685169283572338688,1564,4375
684969860808454144,421,2453
684959798585110529,3429,7129
684940049151070208,1149,3443
684926975086034944,519,3749
684914660081053696,1604,3738
684902183876321280,585,2005
684880619965411328,907,2246
684830982659280897,23661,37555
684800227459624960,1088,2901
684594889858887680,3874,9565
684588130326986752,1544,4403
684567543613382656,1355,3217
684538444857667585,1057,2836
684481074559381504,1282,4134
684460069371654144,609,2110
684241637099323392,3617,8727
684225744407494656,232,1323
684222868335505415,1519,4110
684200372118904832,1131,2321
684195085588783105,569,2046
684188786104872960,1289,3718
684177701129875456,737,2153
684147889187209216,1640,3178
684122891630342144,522,2127
684097758874210310,1573,4391
683857920510050305,1224,4053
683852578183077888,385,2054
683849932751646720,1076,2805
683834909291606017,1212,2801
683828599284170753,1158,2978
683773439333797890,1486,3576
683742671509258241,3656,6966
683515932363329536,3186,7879
683498322573824003,1052,3380
683481228088049664,1088,2811
683462770029932544,734,2605
683449695444799489,1762,4160
683391852557561860,2614,8125
683357973142474752,1033,3143
683142553609318400,1143,3077
683111407806746624,1000,3633
683098815881154561,717,2312
683078886620553216,617,2123
683030066213818368,803,2303
682962037429899265,18343,39608
682808988178739200,203,1891
682788441537560576,1226,2641
682750546109968385,479,1625
682697186228989953,393,1405
682662431982772225,1174,3253
682638830361513985,658,2198
682429480204398592,1271,3658
682406705142087680,1936,8097
682393905736888321,748,2379
682389078323662849,511,1784
682303737705140231,1093,3290
682259524040966145,1340,4450
682242692827447297,1298,3471
682088079302213632,10894,19599
682059653698686977,1858,5301
682047327939461121,1061,3432
682032003584274432,2210,7029
682003177596559360,1672,3362
681981167097122816,1129,2958
681891461017812993,910,2634
681694085539872773,4430,13648
681679526984871937,488,1873
681654059175129088,1018,2818
681610798867845120,518,2040
681579835668455424,1437,3787
681523177663676416,6390,15304
681340665377193984,303,1748
681339448655802368,4441,9911
681320187870711809,836,2834
681302363064414209,2007,4217
681297372102656000,1048,3398
681281657291280384,1208,3427
681261549936340994,299,1553
681242418453299201,597,1594
681231109724700672,528,2551
681193455364796417,1633,3958
680970795137544192,725,2586
680959110691590145,2171,4858
680940246314430465,1159,3441
680934982542561280,482,2217
680913438424612864,677,2552
680889648562991104,401,1881
680836378243002368,1460,3676
680805554198020098,723,2315
680801747103793152,904,2526
680798457301471234,1141,3048
680609293079592961,783,2809
680583894916304897,1467,3840
680497766108381184,2094,4512
680494726643068929,528,1825
680473011644985345,817,2702
680440374763077632,552,1549
680221482581123072,316,1553
680206703334408192,1286,3020
680191257256136705,558,2291
680176173301628928,1707,4159
680161097740095489,801,2468
680145970311643136,1903,3853
680130881361686529,1040,2448
680115823365742593,998,2889
680100725817409536,1497,3803
680085611152338944,9731,13634
680070545539371008,962,2736
680055455951884288,7798,17808
679877062409191424,705,2092
679872969355714560,723,2314
679862121895714818,683,2626
679854723806179328,1353,3064
679844490799091713,854,2528
679828447187857408,15333,38650
679777920601223168,1224,3288
679736210798047232,876,2228
679729593985699840,902,2307
679722016581222400,517,1765
679530280114372609,2270,5065
679527802031484928,798,2820
679511351870550016,1404,3598
679503373272485890,1618,3367
679475951516934144,701,2241
679462823135686656,20611,33875
679405845277462528,1320,2537
679158373988876288,8876,22907
679148763231985668,1124,2949
679132435750195208,1270,3156
679111216690831360,2801,6350
679062614270468097,8986,18224
679047485189439488,749,2402
679001094530465792,1345,3002
678991772295516161,1280,2476
678969228704284672,503,1743
678800283649069056,984,2738
678798276842360832,1298,3713
678774928607469569,1006,2959
678767140346941444,1497,3757
678764513869611008,524,1736
678755239630127104,3623,7611
678740035362037760,1862,3990
678708137298427904,2660,5910
678675843183484930,1626,3050
678643457146150913,467,2178
678446151570427904,1720,4246
678424312106393600,2778,5761
678410210315247616,1990,4506
678399652199309312,30154,61605
678396796259975168,456,1687
678389028614488064,459,1983
678380236862578688,986,2582
678341075375947776,589,1833
678334497360859136,292,1378
678278586130948096,6622,12197
678255464182861824,405,1682
678023323247357953,424,2042
678021115718029313,6931,14591
677961670166224897,1827,3620
677918531514703872,445,1433
677895101218201600,2304,5126
677716515794329600,1060,3229
677700003327029250,1562,3590
677698403548192770,348,1293
677687604918272002,916,2621
677673981332312066,1627,3535
677662372920729601,1063,2068
677644091929329666,866,1987
677573743309385728,794,2266
677565715327688705,496,1361
677557565589463040,1266,2576
677547928504967168,3943,7344
677530072887205888,243,1126
677335745548390400,1943,3232
677334615166730240,320,1436
677331501395156992,257,1151
677328882937298944,1630,3846
677314812125323265,586,1740
677301033169788928,449,1318
677269281705472000,766,2100
677228873407442944,1773,3739
677187300187611136,997,2888
676975532580409345,1162,2933
676957860086095872,880,2327
676949632774234114,428,1373
676948236477857792,948,2290
676946864479084545,410,1797
676942428000112642,828,2196
676936541936185344,5331,13440
676916996760600576,1943,3136
676897532954456065,785,2377
676864501615042560,780,2227
676821958043033607,16939,24397
676819651066732545,718,1904
676811746707918848,457,1499
676776431406465024,2175,5267
676617503762681856,1066,3058
676613908052996102,210,1148
676606785097199616,476,1986
676603393314578432,424,1232
676593408224403456,2334,4824
676590572941893632,139,974
676588346097852417,864,2462
676582956622721024,305,1270
676575501977128964,1215,2725
676533798876651520,602,1980
676496375194980353,577,1594
676470639084101634,5059,12269
676440007570247681,725,1814
676430933382295552,373,1469
676263575653122048,590,2184
676237365392908289,318,1286
676219687039057920,33619,78992
676215927814406144,635,1827
676191832485810177,1109,2394
676146341966438401,721,2015
676121918416756736,1258,2254
676101918813499392,1247,2954
676098748976615425,1558,3172
676089483918516224,462,1377
675898130735476737,624,1718
675891555769696257,943,2237
675888385639251968,1036,2503
675878199931371520,1517,4400
675870721063669760,609,1726
675853064436391936,1403,2833
675849018447167488,165,989
675845657354215424,962,2393
675822767435051008,572,1603
675820929667219457,247,1098
675798442703122432,3648,10788
675781562965868544,510,1694
675740360753160193,373,1218
675710890956750848,896,1988
675707330206547968,744,2089
675706639471788032,103,676
675534494439489536,451,1899
675531475945709568,414,1238
675522403582218240,307,1085
675517828909424640,491,1372
675501075957489664,6249,17991
675497103322386432,1394,3295
675489971617296384,639,1359
675483430902214656,1043,1934
675432746517426176,609,1590
675372240448454658,544,1790
675362609739206656,246,1099
675354435921575936,18424,34360
675349384339542016,2431,4122
675334060156301312,1387,2915
675166823650848770,1737,3786
675153376133427200,2796,6597
675149409102012420,1805,3906
675147105808306176,258,988
675146535592706048,334,1248
675145476954566656,965,2235
675135153782571009,528,1359
675113801096802304,839,2044
675111688094527488,270,1004
675109292475830276,1212,2916
675047298674663426,352,1108
675015141583413248,1283,2825
675006312288268288,242,1018
675003128568291329,504,1616
674999807681908736,1185,2352
674805413498527744,379,899
674800520222154752,922,3138
674793399141146624,1171,2617
674790488185167872,270,1150
674788554665512960,222,845
674781762103414784,1294,2098
674774481756377088,510,1183
674767892831932416,856,1914
674764817387900928,256,823
674754018082705410,479,1420
674752233200820224,497,1531
674743008475090944,585,1461
674742531037511680,54,512
674739953134403584,422,1168
674737130913071104,99,671
674690135443775488,499,1192
674670581682434048,694,1683
674664755118911488,271,957
674646392044941312,535,1492
674644256330530816,293,1073
674638615994089473,621,1744
674632714662858753,613,1561
674606911342424069,107,980
674468880899788800,2203,6486
674447403907457024,382,1107
674436901579923456,419,1160
674422304705744896,565,1484
674416750885273600,148,708
674410619106390016,499,1245
674394782723014656,612,1558
674372068062928900,329,883
674330906434379776,77,582
674318007229923329,551,1472
674307341513269249,7394,11805
674291837063053312,6305,15384
674271431610523648,772,1632
674269164442398721,242,932
674265582246694913,898,1704
674262580978937856,488,1350
674255168825880576,599,1523
674082852460433408,180,780
674075285688614912,305,1016
674063288070742018,2372,6616
674053186244734976,1391,3464
674051556661161984,510,1508
674045139690631169,684,1470
674042553264685056,136,747
674038233588723717,436,1141
674036086168010753,233,874
674024893172875264,1304,1865
674019345211760640,320,1175
674014384960745472,689,1629
674008982932058114,373,1245
673956914389192708,1028,2030
673919437611909120,387,1213
673906403526995968,1734,3317
673887867907739649,267,970
673716320723169284,812,3200
673715861853720576,2226,3694
673711475735838725,316,1078
673709992831262724,293,882
673708611235921920,308,1114
673707060090052608,416,1143
673705679337693185,419,1303
673700254269775872,605,1488
673697980713705472,2084,3951
673689733134946305,688,1808
673688752737402881,524,1312
673686845050527744,463,1497
673680198160809984,495,1421
673662677122719744,383,1297
673656262056419329,257,742
673636718965334016,394,1160
673612854080196609,770,1645
673583129559498752,391,1233
673580926094458881,281,859
673576835670777856,594,1433
673363615379013632,328,1057
673359818736984064,708,1508
673355879178194945,622,1545
673352124999274496,572,1713
673350198937153538,223,758
673345638550134785,1365,2617
673343217010679808,282,1007
673342308415348736,628,1316
673320132811366400,8418,14028
673317986296586240,280,895
673295268553605120,3358,7804
673270968295534593,392,1100
673240798075449344,769,1469
673213039743795200,896,2339
673148804208660480,665,1767
672997845381865473,760,2033
672995267319328768,314,990
672988786805112832,305,1006
672984142909456390,572,1288
672980819271634944,1051,1872
672975131468300288,969,1747
672970152493887488,375,990
672968025906282496,579,1363
672964561327235073,678,1472
672902681409806336,532,1412
672898206762672129,443,920
672884426393653248,876,1610
672877615439593473,391,1064
672834301050937345,606,1364
672828477930868736,515,1299
672640509974827008,340,1007
672622327801233409,520,1340
672614745925664768,619,1270
672609152938721280,409,1151
672604026190569472,429,1153
672594978741354496,638,1371
672591762242805761,349,985
672591271085670400,197,754
672538107540070400,391,1063
672523490734551040,181,672
672488522314567680,461,1152
672482722825261057,638,1175
672481316919734272,128,735
672475084225949696,739,1489
672466075045466113,570,1406
672272411274932228,3575,6685
672267570918129665,642,1549
672264251789176834,359,1187
672256522047614977,1646,2915
672254177670729728,779,1476
672248013293752320,637,1787
672245253877968896,164,708
672239279297454080,335,924
672231046314901505,1060,1909
672222792075620352,223,812
672205392827572224,1216,2333
672169685991993344,390,1053
672160042234327040,381,900
672139350159835138,764,1811
672125275208069120,1206,2492
672095186491711488,386,1030
672082170312290304,385,976
672068090318987265,543,1340
671896809300709376,4375,8765
671891728106971137,593,1377
671882082306625538,1451,3590
671879137494245376,727,1472
671874878652489728,582,1292
671866342182637568,525,1163
671855973984772097,478,948
671789708968640512,3678,7311
671768281401958400,551,1236
671763349865160704,974,1745
671744970634719232,812,1396
671743150407421952,240,764
671735591348891648,789,1496
671729906628341761,4609,8849
671561002136281088,7650,13317
671550332464455680,219,947
671547767500775424,630,1407
671544874165002241,1106,2067
671542985629241344,596,1130
671538301157904385,416,957
671536543010570240,429,1222
671533943490011136,609,1061
671528761649688577,272,872
671520732782923777,559,1450
671518598289059840,306,979
671511350426865664,767,1672
671504605491109889,3728,7301
671497587707535361,472,955
671488513339211776,494,1048
671486386088865792,215,606
671485057807351808,243,788
671390180817915904,778,1467
671362598324076544,309,1159
671357843010908160,155,415
671355857343524864,118,495
671347597085433856,457,1005
671186162933985280,227,762
671182547775299584,361,1160
671166507850801152,374,904
671163268581498880,1171,1722
671159727754231808,86,387
671154572044468225,228,745
671151324042559489,161,694
671147085991960577,241,696
671141549288370177,689,1212
671138694582165504,425,963
671134062904504320,204,773
671122204919246848,2670,3624
671115716440031232,812,1403
671109016219725825,460,1185
670995969505435648,306,1147
670842764863651840,9258,25445
670840546554966016,206,617
670838202509447168,733,1155
670833812859932673,132,461
670832455012716544,230,760
670826280409919488,4298,5769
670823764196741120,201,801
670822709593571328,102,632
670815497391357952,1637,3293
670811965569282048,283,1167
670807719151067136,519,1187
670804601705242624,1002,2041
670803562457407488,92,350
670797304698376195,248,754
670792680469889025,292,863
670789397210615808,252,685
670786190031921152,212,623
670783437142401025,417,848
670782429121134593,823,1629
670780561024270336,301,802
670778058496974848,76,339
670764103623966721,448,1112
670755717859713024,120,464
670733412878163972,535,993
670727704916926465,387,864
670717338665226240,522,1257
670704688707301377,390,787
670691627984359425,255,609
670679630144274432,307,775
670676092097810432,45,260
670668383499735048,5321,11121
670474236058800128,809,1584
670468609693655041,89,363
670465786746662913,584,1006
670452855871037440,219,567
670449342516494336,708,1233
670444955656130560,2085,6940
670442337873600512,206,674
670435821946826752,553,1090
670434127938719744,683,1455
670433248821026816,120,333
670428280563085312,672,1439
670427002554466305,174,537
670421925039075328,676,1362
670420569653809152,331,654
670417414769758208,340,586
670411370698022913,953,2114
670408998013820928,235,575
670403879788544000,165,448
670385711116361728,226,579
670374371102445568,283,763
670361874861563904,70,336
670338931251150849,118,442
670319130621435904,1300,3986
670303360680108032,142,440
670290420111441920,299,734
670093938074779648,356,1069
670086499208155136,264,724
670079681849372674,1330,2305
670073503555706880,835,1623
670069087419133954,257,654
670061506722140161,364,791
670055038660800512,349,693
670046952931721218,187,671
670040295598354432,117,780
670037189829525505,296,608
670003130994700288,97,344
669993076832759809,88,337
669972011175813120,170,459
669970042633789440,64,312
669942763794931712,177,526
669926384437997569,111,389
669923323644657664,61,242
669753178989142016,425,839
669749430875258880,68,282
669684865554620416,92,539
669683899023405056,116,406
669682095984410625,138,365
669680153564442624,303,693
669661792646373376,461,835
669625907762618368,1906,3666
669603084620980224,390,983
669597912108789760,160,529
669583744538451968,985,1545
669573570759163904,152,449
669571471778410496,1056,1638
669567591774625800,60,241
669564461267722241,130,398
669393256313184256,81,376
669375718304980992,763,1385
669371483794317312,188,513
669367896104181761,166,473
669363888236994561,242,645
669359674819481600,131,380
669354382627049472,1338,2799
669353438988365824,268,668
669351434509529089,198,456
669328503091937280,439,1043
669327207240699904,121,595
669324657376567296,216,512
669216679721873412,405,932
669214165781868544,178,457
669203728096960512,501,1045
669037058363662336,327,676
669015743032369152,390,765
669006782128353280,263,593
669000397445533696,6703,21587
668994913074286592,247,455
668992363537309700,367,772
668989615043424256,342,704
668988183816871936,499,933
668986018524233728,176,570
668981893510119424,325,560
668979806671884288,372,819
668975677807423489,616,1357
668967877119254528,25,152
668960084974809088,250,731
668955713004314625,74,289
668932921458302977,60,277
668902994700836864,106,328
668892474547511297,160,410
668872652652679168,313,546
668852170888998912,174,468
668826086256599040,147,452
668815180734689280,285,589
668779399630725120,395,728
668655139528511488,229,548
668645506898350081,569,930
668643542311546881,557,921
668641109086707712,561,1117
668636665813057536,510,1082
668633411083464705,1738,2924
668631377374486528,338,743
668627278264475648,119,329
668625577880875008,140,406
668623201287675904,824,1501
668620235289837568,45,214
668614819948453888,332,630
668587383441514497,1142,1722
668567822092664832,61,252
668544745690562560,239,537
668542336805281792,225,479
668537837512433665,78,257
668528771708952576,236,480
668507509523615744,113,335
668496999348633600,139,423
668484198282485761,248,440
668480044826800133,155,477
668466899341221888,543,914
668297328638447616,313,638
668291999406125056,34,258
668286279830867968,143,520
668274247790391296,240,852
668268907921326080,250,573
668256321989451776,649,1350
668248472370458624,511,1024
668237644992782336,2984,6420
668226093875376128,110,315
668221241640230912,209,524
668204964695683073,203,568
668190681446379520,204,671
668171859951755264,202,506
668154635664932864,330,511
668142349051129856,301,579
668113020489474048,255,686
667937095915278337,832,1317
667924896115245057,116,309
667915453470232577,58,217
667911425562669056,316,509
667902449697558528,390,872
667886921285246976,1145,1950
667885044254572545,508,844
667878741721415682,124,403
667873844930215936,426,650
667866724293877760,1079,3088
667861340749471744,81,250
667832474953625600,65,294
667806454573760512,522,1086
667801013445750784,98,338
667793409583771648,343,718
667782464991965184,253,423
667773195014021121,59,240
667766675769573376,228,457
667728196545200128,156,384
667724302356258817,332,502
667550904950915073,35,0
667550882905632768,33,0
667549055577362432,2389,5962
667546741521195010,129,340
667544320556335104,547,890
667538891197542400,69,209
667534815156183040,559,843
667530908589760512,252,488
667524857454854144,1162,1749
667517642048163840,198,376
667509364010450944,2211,6962
667502640335572993,227,544
667495797102141441,286,540
667491009379606528,236,547
667470559035432960,100,264
667455448082227200,65,195
667453023279554560,93,320
667443425659232256,604,803
667437278097252352,248,459
667435689202614272,85,310
667405339315146752,224,475
667393430834667520,58,198
667369227918143488,168,373
667211855547486208,250,502
667200525029539841,270,625
667192066997374976,109,396
667188689915760640,430,758
667182792070062081,6436,14696
667177989038297088,57,192
667176164155375616,473,624
667174963120574464,86,253
667171260800061440,93,226
667165590075940865,1185,2743
667160273090932737,65,262
667152164079423490,17729,48906
667138269671505920,2297,4720
667119796878725120,131,333
667090893657276420,130,338
667073648344346624,126,411
667070482143944705,14,85
667065535570550784,49,168
667062181243039745,56,220
667044094246576128,51,188
667012601033924608,232,455
666996132027977728,97,247
666983947667116034,1012,2601
666837028449972224,566,834
666835007768551424,80,218
666826780179869698,98,257
666817836334096384,258,526
666804364988780544,94,244
666786068205871104,496,774
666781792255496192,203,394
666776908487630848,178,359
666739327293083650,66,239
666701168228331520,223,436
666691418707132416,48,189
666649482315059201,590,893
666644823164719104,85,233
666454714377183233,212,524
666447344410484738,21,105
666437273139982337,49,128
666435652385423360,54,168
666430724426358785,199,321
666428276349472768,84,166
666421158376562688,112,319
666418789513326592,47,127
666411507551481857,328,449
666407126856765440,41,110
666396247373291520,86,166
666373753744588802,93,189
666362758909284353,574,780
666353288456101888,73,221
666345417576210432,139,297
666337882303524864,92,198
666293911632134144,357,508
666287406224695296,66,147
666273097616637952,76,175
666268910803644416,35,104
666104133288665088,6638,14359
666102155909144576,13,80
666099513787052032,68,157
666094000022159362,75,164
666082916733198337,45,119
666073100786774016,164,322
666071193221509120,62,148
666063827256086533,220,477
666058600524156928,57,112
666057090499244032,142,298
666055525042405380,252,436
666051853826850816,853,1224
666050758794694657,58,132
666049248165822465,41,108
666044226329800704,141,299
666033412701032449,45,125
666029285002620928,47,129
666020888022790149,517,2563
